{
  "add_bos_token": false,
  "add_prefix_space": false,
  "added_tokens_decoder": {
    "0": {
      "content": "<|endoftext|>",
      "lstrip": false,
      "normalized": false,
      "rstrip": false,
      "single_word": false,
      "special": true
    },
    "1": {
      "content": "<|startoftranscript|>",
      "lstrip": false,
      "normalized": false,
      "rstrip": false,
      "single_word": false,
      "special": true
    },
    "2": {
      "content": "<|en|>",
      "lstrip": false,
      "normalized": false,
      "rstrip": false,
      "single_word": false,
      "special": true
    },
    "3": {
      "content": "<|zh|>",
      "lstrip": false,
      "normalized": false,
      "rstrip": false,
      "single_word": false,
      "special": true
    },
    "4": {
      "content": "<|de|>",
      "lstrip": false,
      "normalized": false,
      "rstrip": false,
      "single_word": false,
      "special": true
    },
    "5": {
      "content": "<|es|>",
      "lstrip": false,
      "normalized": false,
      "rstrip": false,
      "single_word": false,
      "special": true
    },
    "6": {
      "content": "<|ru|>",
      "lstrip": false,
      "normalized": false,
      "rstrip": false,
      "single_word": false,
      "special": true
    },
    "7": {
      "content": "<|ko|>",
      "lstrip": false,
      "normalized": false,
      "rstrip": false,
      "single_word": false,
      "special": true
    },
    "8": {
      "content": "<|fr|>",
      "lstrip": false,
      "normalized": false,
      "rstrip": false,
      "single_word": false,
      "special": true
    },
    "9": {
      "content": "<|ja|>",
      "lstrip": false,
      "normalized": false,
      "rstrip": false,
      "single_word": false,
      "special": true
    },
    "10": {
      "content": "<|pt|>",
      "lstrip": false,
      "normalized": false,
      "rstrip": false,
      "single_word": false,
      "special": true
    },
    "11": {
      "content": "<|tr|>",
      "lstrip": false,
      "normalized": false,
      "rstrip": false,
      "single_word": false,
      "special": true
    },
    "12": {
      "content": "<|pl|>",
      "lstrip": false,
      "normalized": false,
      "rstrip": false,
      "single_word": false,
      "special": true
    },
    "13": {
      "content": "<|ca|>",
      "lstrip": false,
      "normalized": false,
      "rstrip": false,
      "single_word": false,
      "special": true
    },
    "14": {
      "content": "<|nl|>",
      "lstrip": false,
      "normalized": false,
      "rstrip": false,
      "single_word": false,
      "special": true
    },
    "15": {
      "content": "<|ar|>",
      "lstrip": false,
      "normalized": false,
      "rstrip": false,
      "single_word": false,
      "special": true
    },
    "16": {
      "content": "<|sv|>",
      "lstrip": false,
      "normalized": false,
      "rstrip": false,
      "single_word": false,
      "special": true
    },
    "17": {
      "content": "<|it|>",
      "lstrip": false,
      "normalized": false,
      "rstrip": false,
      "single_word": false,
      "special": true
    },
    "18": {
      "content": "<|id|>",
      "lstrip": false,
      "normalized": false,
      "rstrip": false,
      "single_word": false,
      "special": true
    },
    "19": {
      "content": "<|hi|>",
      "lstrip": false,
      "normalized": false,
      "rstrip": false,
      "single_word": false,
      "special": true
    },
    "20": {
      "content": "<|fi|>",
      "lstrip": false,
      "normalized": false,
      "rstrip": false,
      "single_word": false,
      "special": true
    },
    "21": {
      "content": "<|vi|>",
      "lstrip": false,
      "normalized": false,
      "rstrip": false,
      "single_word": false,
      "special": true
    },
    "22": {
      "content": "<|he|>",
      "lstrip": false,
      "normalized": false,
      "rstrip": false,
      "single_word": false,
      "special": true
    },
    "23": {
      "content": "<|uk|>",
      "lstrip": false,
      "normalized": false,
      "rstrip": false,
      "single_word": false,
      "special": true
    },
    "24": {
      "content": "<|el|>",
      "lstrip": false,
      "normalized": false,
      "rstrip": false,
      "single_word": false,
      "special": true
    },
    "25": {
      "content": "<|ms|>",
      "lstrip": false,
      "normalized": false,
      "rstrip": false,
      "single_word": false,
      "special": true
    },
    "26": {
      "content": "<|cs|>",
      "lstrip": false,
      "normalized": false,
      "rstrip": false,
      "single_word": false,
      "special": true
    },
    "27": {
      "content": "<|ro|>",
      "lstrip": false,
      "normalized": false,
      "rstrip": false,
      "single_word": false,
      "special": true
    },
    "28": {
      "content": "<|da|>",
      "lstrip": false,
      "normalized": false,
      "rstrip": false,
      "single_word": false,
      "special": true
    },
    "29": {
      "content": "<|hu|>",
      "lstrip": false,
      "normalized": false,
      "rstrip": false,
      "single_word": false,
      "special": true
    },
    "30": {
      "content": "<|ta|>",
      "lstrip": false,
      "normalized": false,
      "rstrip": false,
      "single_word": false,
      "special": true
    },
    "31": {
      "content": "<|no|>",
      "lstrip": false,
      "normalized": false,
      "rstrip": false,
      "single_word": false,
      "special": true
    },
    "32": {
      "content": "<|th|>",
      "lstrip": false,
      "normalized": false,
      "rstrip": false,
      "single_word": false,
      "special": true
    },
    "33": {
      "content": "<|ur|>",
      "lstrip": false,
      "normalized": false,
      "rstrip": false,
      "single_word": false,
      "special": true
    },
    "34": {
      "content": "<|hr|>",
      "lstrip": false,
      "normalized": false,
      "rstrip": false,
      "single_word": false,
      "special": true
    },
    "35": {
      "content": "<|bg|>",
      "lstrip": false,
      "normalized": false,
      "rstrip": false,
      "single_word": false,
      "special": true
    },
    "36": {
      "content": "<|lt|>",
      "lstrip": false,
      "normalized": false,
      "rstrip": false,
      "single_word": false,
      "special": true
    },
    "37": {
      "content": "<|la|>",
      "lstrip": false,
      "normalized": false,
      "rstrip": false,
      "single_word": false,
      "special": true
    },
    "38": {
      "content": "<|mi|>",
      "lstrip": false,
      "normalized": false,
      "rstrip": false,
      "single_word": false,
      "special": true
    },
    "39": {
      "content": "<|ml|>",
      "lstrip": false,
      "normalized": false,
      "rstrip": false,
      "single_word": false,
      "special": true
    },
    "40": {
      "content": "<|cy|>",
      "lstrip": false,
      "normalized": false,
      "rstrip": false,
      "single_word": false,
      "special": true
    },
    "41": {
      "content": "<|sk|>",
      "lstrip": false,
      "normalized": false,
      "rstrip": false,
      "single_word": false,
      "special": true
    },
    "42": {
      "content": "<|te|>",
      "lstrip": false,
      "normalized": false,
      "rstrip": false,
      "single_word": false,
      "special": true
    },
    "43": {
      "content": "<|fa|>",
      "lstrip": false,
      "normalized": false,
      "rstrip": false,
      "single_word": false,
      "special": true
    },
    "44": {
      "content": "<|lv|>",
      "lstrip": false,
      "normalized": false,
      "rstrip": false,
      "single_word": false,
      "special": true
    },
    "45": {
      "content": "<|bn|>",
      "lstrip": false,
      "normalized": false,
      "rstrip": false,
      "single_word": false,
      "special": true
    },
    "46": {
      "content": "<|sr|>",
      "lstrip": false,
      "normalized": false,
      "rstrip": false,
      "single_word": false,
      "special": true
    },
    "47": {
      "content": "<|az|>",
      "lstrip": false,
      "normalized": false,
      "rstrip": false,
      "single_word": false,
      "special": true
    },
    "48": {
      "content": "<|sl|>",
      "lstrip": false,
      "normalized": false,
      "rstrip": false,
      "single_word": false,
      "special": true
    },
    "49": {
      "content": "<|kn|>",
      "lstrip": false,
      "normalized": false,
      "rstrip": false,
      "single_word": false,
      "special": true
    },
    "50": {
      "content": "<|et|>",
      "lstrip": false,
      "normalized": false,
      "rstrip": false,
      "single_word": false,
      "special": true
    },
    "51": {
      "content": "<|mk|>",
      "lstrip": false,
      "normalized": false,
      "rstrip": false,
      "single_word": false,
      "special": true
    },
    "52": {
      "content": "<|br|>",
      "lstrip": false,
      "normalized": false,
      "rstrip": false,
      "single_word": false,
      "special": true
    },
    "53": {
      "content": "<|eu|>",
      "lstrip": false,
      "normalized": false,
      "rstrip": false,
      "single_word": false,
      "special": true
    },
    "54": {
      "content": "<|is|>",
      "lstrip": false,
      "normalized": false,
      "rstrip": false,
      "single_word": false,
      "special": true
    },
    "55": {
      "content": "<|hy|>",
      "lstrip": false,
      "normalized": false,
      "rstrip": false,
      "single_word": false,
      "special": true
    },
    "56": {
      "content": "<|ne|>",
      "lstrip": false,
      "normalized": false,
      "rstrip": false,
      "single_word": false,
      "special": true
    },
    "57": {
      "content": "<|mn|>",
      "lstrip": false,
      "normalized": false,
      "rstrip": false,
      "single_word": false,
      "special": true
    },
    "58": {
      "content": "<|bs|>",
      "lstrip": false,
      "normalized": false,
      "rstrip": false,
      "single_word": false,
      "special": true
    },
    "59": {
      "content": "<|kk|>",
      "lstrip": false,
      "normalized": false,
      "rstrip": false,
      "single_word": false,
      "special": true
    },
    "60": {
      "content": "<|sq|>",
      "lstrip": false,
      "normalized": false,
      "rstrip": false,
      "single_word": false,
      "special": true
    },
    "61": {
      "content": "<|sw|>",
      "lstrip": false,
      "normalized": false,
      "rstrip": false,
      "single_word": false,
      "special": true
    },
    "62": {
      "content": "<|gl|>",
      "lstrip": false,
      "normalized": false,
      "rstrip": false,
      "single_word": false,
      "special": true
    },
    "63": {
      "content": "<|mr|>",
      "lstrip": false,
      "normalized": false,
      "rstrip": false,
      "single_word": false,
      "special": true
    },
    "64": {
      "content": "<|pa|>",
      "lstrip": false,
      "normalized": false,
      "rstrip": false,
      "single_word": false,
      "special": true
    },
    "65": {
      "content": "<|si|>",
      "lstrip": false,
      "normalized": false,
      "rstrip": false,
      "single_word": false,
      "special": true
    },
    "66": {
      "content": "<|km|>",
      "lstrip": false,
      "normalized": false,
      "rstrip": false,
      "single_word": false,
      "special": true
    },
    "67": {
      "content": "<|sn|>",
      "lstrip": false,
      "normalized": false,
      "rstrip": false,
      "single_word": false,
      "special": true
    },
    "68": {
      "content": "<|yo|>",
      "lstrip": false,
      "normalized": false,
      "rstrip": false,
      "single_word": false,
      "special": true
    },
    "69": {
      "content": "<|so|>",
      "lstrip": false,
      "normalized": false,
      "rstrip": false,
      "single_word": false,
      "special": true
    },
    "70": {
      "content": "<|af|>",
      "lstrip": false,
      "normalized": false,
      "rstrip": false,
      "single_word": false,
      "special": true
    },
    "71": {
      "content": "<|oc|>",
      "lstrip": false,
      "normalized": false,
      "rstrip": false,
      "single_word": false,
      "special": true
    },
    "72": {
      "content": "<|ka|>",
      "lstrip": false,
      "normalized": false,
      "rstrip": false,
      "single_word": false,
      "special": true
    },
    "73": {
      "content": "<|be|>",
      "lstrip": false,
      "normalized": false,
      "rstrip": false,
      "single_word": false,
      "special": true
    },
    "74": {
      "content": "<|tg|>",
      "lstrip": false,
      "normalized": false,
      "rstrip": false,
      "single_word": false,
      "special": true
    },
    "75": {
      "content": "<|sd|>",
      "lstrip": false,
      "normalized": false,
      "rstrip": false,
      "single_word": false,
      "special": true
    },
    "76": {
      "content": "<|gu|>",
      "lstrip": false,
      "normalized": false,
      "rstrip": false,
      "single_word": false,
      "special": true
    },
    "77": {
      "content": "<|am|>",
      "lstrip": false,
      "normalized": false,
      "rstrip": false,
      "single_word": false,
      "special": true
    },
    "78": {
      "content": "<|yi|>",
      "lstrip": false,
      "normalized": false,
      "rstrip": false,
      "single_word": false,
      "special": true
    },
    "79": {
      "content": "<|lo|>",
      "lstrip": false,
      "normalized": false,
      "rstrip": false,
      "single_word": false,
      "special": true
    },
    "80": {
      "content": "<|uz|>",
      "lstrip": false,
      "normalized": false,
      "rstrip": false,
      "single_word": false,
      "special": true
    },
    "81": {
      "content": "<|fo|>",
      "lstrip": false,
      "normalized": false,
      "rstrip": false,
      "single_word": false,
      "special": true
    },
    "82": {
      "content": "<|ht|>",
      "lstrip": false,
      "normalized": false,
      "rstrip": false,
      "single_word": false,
      "special": true
    },
    "83": {
      "content": "<|ps|>",
      "lstrip": false,
      "normalized": false,
      "rstrip": false,
      "single_word": false,
      "special": true
    },
    "84": {
      "content": "<|tk|>",
      "lstrip": false,
      "normalized": false,
      "rstrip": false,
      "single_word": false,
      "special": true
    },
    "85": {
      "content": "<|nn|>",
      "lstrip": false,
      "normalized": false,
      "rstrip": false,
      "single_word": false,
      "special": true
    },
    "86": {
      "content": "<|mt|>",
      "lstrip": false,
      "normalized": false,
      "rstrip": false,
      "single_word": false,
      "special": true
    },
    "87": {
      "content": "<|sa|>",
      "lstrip": false,
      "normalized": false,
      "rstrip": false,
      "single_word": false,
      "special": true
    },
    "88": {
      "content": "<|lb|>",
      "lstrip": false,
      "normalized": false,
      "rstrip": false,
      "single_word": false,
      "special": true
    },
    "89": {
      "content": "<|my|>",
      "lstrip": false,
      "normalized": false,
      "rstrip": false,
      "single_word": false,
      "special": true
    },
    "90": {
      "content": "<|bo|>",
      "lstrip": false,
      "normalized": false,
      "rstrip": false,
      "single_word": false,
      "special": true
    },
    "91": {
      "content": "<|tl|>",
      "lstrip": false,
      "normalized": false,
      "rstrip": false,
      "single_word": false,
      "special": true
    },
    "92": {
      "content": "<|mg|>",
      "lstrip": false,
      "normalized": false,
      "rstrip": false,
      "single_word": false,
      "special": true
    },
    "93": {
      "content": "<|as|>",
      "lstrip": false,
      "normalized": false,
      "rstrip": false,
      "single_word": false,
      "special": true
    },
    "94": {
      "content": "<|tt|>",
      "lstrip": false,
      "normalized": false,
      "rstrip": false,
      "single_word": false,
      "special": true
    },
    "95": {
      "content": "<|haw|>",
      "lstrip": false,
      "normalized": false,
      "rstrip": false,
      "single_word": false,
      "special": true
    },
    "96": {
      "content": "<|ln|>",
      "lstrip": false,
      "normalized": false,
      "rstrip": false,
      "single_word": false,
      "special": true
    },
    "97": {
      "content": "<|ha|>",
      "lstrip": false,
      "normalized": false,
      "rstrip": false,
      "single_word": false,
      "special": true
    },
    "98": {
      "content": "<|ba|>",
      "lstrip": false,
      "normalized": false,
      "rstrip": false,
      "single_word": false,
      "special": true
    },
    "99": {
      "content": "<|jw|>",
      "lstrip": false,
      "normalized": false,
      "rstrip": false,
      "single_word": false,
      "special": true
    },
    "100": {
      "content": "<|su|>",
      "lstrip": false,
      "normalized": false,
      "rstrip": false,
      "single_word": false,
      "special": true
    },
    "101": {
      "content": "<|translate|>",
      "lstrip": false,
      "normalized": false,
      "rstrip": false,
      "single_word": false,
      "special": true
    },
    "102": {
      "content": "<|transcribe|>",
      "lstrip": false,
      "normalized": false,
      "rstrip": false,
      "single_word": false,
      "special": true
    },
    "103": {
      "content": "<|startoflm|>",
      "lstrip": false,
      "normalized": false,
      "rstrip": false,
      "single_word": false,
      "special": true
    },
    "104": {
      "content": "<|startofprev|>",
      "lstrip": false,
      "normalized": false,
      "rstrip": false,
      "single_word": false,
      "special": true
    },
    "105": {
      "content": "<|nocaptions|>",
      "lstrip": false,
      "normalized": false,
      "rstrip": false,
      "single_word": false,
      "special": true
    },
    "106": {
      "content": "<|notimestamps|>",
      "lstrip": false,
      "normalized": false,
      "rstrip": false,
      "single_word": false,
      "special": true
    }
  },
  "additional_special_tokens": [
    "<|endoftext|>",
    "<|startoftranscript|>",
    "<|en|>",
    "<|zh|>",
    "<|de|>",
    "<|es|>",
    "<|ru|>",
    "<|ko|>",
    "<|fr|>",
    "<|ja|>",
    "<|pt|>",
    "<|tr|>",
    "<|pl|>",
    "<|ca|>",
    "<|nl|>",
    "<|ar|>",
    "<|sv|>",
    "<|it|>",
    "<|id|>",
    "<|hi|>",
    "<|fi|>",
    "<|vi|>",
    "<|he|>",
    "<|uk|>",
    "<|el|>",
    "<|ms|>",
    "<|cs|>",
    "<|ro|>",
    "<|da|>",
    "<|hu|>",
    "<|ta|>",
    "<|no|>",
    "<|th|>",
    "<|ur|>",
    "<|hr|>",
    "<|bg|>",
    "<|lt|>",
    "<|la|>",
    "<|mi|>",
    "<|ml|>",
    "<|cy|>",
    "<|sk|>",
    "<|te|>",
    "<|fa|>",
    "<|lv|>",
    "<|bn|>",
    "<|sr|>",
    "<|az|>",
    "<|sl|>",
    "<|kn|>",
    "<|et|>",
    "<|mk|>",
    "<|br|>",
    "<|eu|>",
    "<|is|>",
    "<|hy|>",
    "<|ne|>",
    "<|mn|>",
    "<|bs|>",
    "<|kk|>",
    "<|sq|>",
    "<|sw|>",
    "<|gl|>",
    "<|mr|>",
    "<|pa|>",
    "<|si|>",
    "<|km|>",
    "<|sn|>",
    "<|yo|>",
    "<|so|>",
    "<|af|>",
    "<|oc|>",
    "<|ka|>",
    "<|be|>",
    "<|tg|>",
    "<|sd|>",
    "<|gu|>",
    "<|am|>",
    "<|yi|>",
    "<|lo|>",
    "<|uz|>",
    "<|fo|>",
    "<|ht|>",
    "<|ps|>",
    "<|tk|>",
    "<|nn|>",
    "<|mt|>",
    "<|sa|>",
    "<|lb|>",
    "<|my|>",
    "<|bo|>",
    "<|tl|>",
    "<|mg|>",
    "<|as|>",
    "<|tt|>",
    "<|haw|>",
    "<|ln|>",
    "<|ha|>",
    "<|ba|>",
    "<|jw|>",
    "<|su|>",
    "<|translate|>",
    "<|transcribe|>",
    "<|startoflm|>",
    "<|startofprev|>",
    "<|nocaptions|>",
    "<|notimestamps|>"
  ],
  "bos_token": "<|endoftext|>",
  "clean_up_tokenization_spaces": true,
  "eos_token": "<|endoftext|>",
  "errors": "replace",
  "model_max_length": 1024,
  "pad_token": "<|endoftext|>",
  "processor_class": "WhisperProcessor",
  "return_attention_mask": false,
  "tokenizer_class": "WhisperTokenizer",
  "unk_token": "<|endoftext|>"
}
